me4939,INST0082,BAN601,SCS146
me4939,INST0078,BAN602,SCS146
me4939,INST0082,BAN610,SCN119
me4939,INST0085,BAN620,SCS213
yw3533,INST0082,BAN601,SCS146
yw3533,INST0084,BAN602,SCN119
yw3533,INST0082,BAN610,SCN119
yw3533,INST0085,BAN620,SCS213
hy7675,INST0082,BAN601,SCS146
hy7675,INST0078,BAN602,SCS146
hy7675,INST0080,BAN610,SCS146
hy7675,INST0084,BAN620,SCN119
we6652,INST0082,BAN601,SCS146
we6652,INST0084,BAN602,SCN119
we6652,INST0082,BAN610,SCN119
we6652,INST0084,BAN620,SCN119
zy5364,INST0082,BAN601,SCS146
zy5364,INST0084,BAN602,SCN119
zy5364,INST0080,BAN610,SCS146
zy5364,INST0084,BAN620,SCN119
as2938,INST0082,BAN601,SCS146
as2938,INST0084,BAN602,SCN119
as2938,INST0080,BAN610,SCS146
as2938,INST0084,BAN620,SCN119
as2938,INST0077,BAN612,VBT0216
as2938,INST0079,BAN622,SCN336
as2938,INST0081,BAN630,VBT0219
as2938,INST0082,BAN632,VBT0219
zx7766,INST0082,BAN601,SCS146
zx7766,INST0084,BAN602,SCN119
zx7766,INST0080,BAN610,SCS146
zx7766,INST0084,BAN620,SCN119
zx7766,INST0077,BAN612,VBT0216
zx7766,INST0079,BAN622,SCN336
zx7766,INST0081,BAN630,VBT0219
zx7766,INST0079,BAN676,AE0393
ye3427,INST0082,BAN601,SCS146
ye3427,INST0084,BAN602,SCN119
ye3427,INST0080,BAN610,SCS146
ye3427,INST0084,BAN620,SCN119
ye3427,INST0077,BAN612,VBT0216
ye3427,INST0080,BAN622,VBT022
ye3427,INST0081,BAN630,VBT0219
ye3427,INST0082,BAN632,VBT0219
hs7885,INST0082,BAN601,SCS146
hs7885,INST0084,BAN602,SCN119
hs7885,INST0080,BAN610,SCS146
hs7885,INST0084,BAN620,SCN119
hs7885,INST0077,BAN612,VBT0216
hs7885,INST0080,BAN622,VBT022
hs7885,INST0081,BAN630,VBT0219
hs7885,INST0079,BAN676,AE0393
